"case_id";"case_id_length";"duration_dd"
"8479321D09";"6";"11.04"
"8475597BE5";"6";"16.04"
"7382388B4A";"6";"27.0"
"859977894D";"5";"30.0"
"8417626CB6";"5";"33.0"
"72889843E1";"5";"36.0"
"7779757A90";"6";"36.0"
"6841838F50";"5";"37.04"
"7851611A5C";"5";"37.96"
"7847473395";"5";"39.96"
"810123676E";"6";"42.0"
"9279895B9A";"5";"44.0"
"7026208244";"5";"44.96"
"7567918B7D";"5";"45.0"
"8450987716";"5";"49.04"
"9147572F34";"5";"50.96"
"6748810E2E";"5";"52.0"
"7333589D14";"5";"52.0"
"7759602224";"5";"52.0"
"84048215B3";"5";"54.0"
"6722593B3B";"6";"57.0"
"83343635EB";"5";"59.0"
"7367564226";"5";"59.96"
"71060734F2";"5";"60.0"
"7914295AD5";"5";"60.0"
"7654189494";"6";"61.04"
"800914183B";"5";"62.0"
"8094150FDE";"5";"62.0"
"940855378C";"5";"63.04"
"8491069BCB";"5";"64.0"
"7713899ED1";"5";"65.0"
"8694947141";"5";"65.0"
"71817149DE";"5";"66.0"
"9532527A20";"5";"66.0"
"7627781402";"5";"67.04"
"826814511A";"5";"68.0"
"8268158BD1";"5";"68.0"
"89957220A3";"5";"68.0"
"8355979402";"5";"69.0"
"7256224977";"5";"73.04"
"7658003FFA";"5";"73.04"
"6675143642";"6";"76.0"
"9279690271";"5";"77.0"
"7627761381";"5";"77.04"
"86313829BF";"5";"77.96"
"738703454C";"7";"78.96"
"6781732E46";"6";"80.04"
"9379224C7C";"5";"81.0"
"8368013EC4";"6";"85.0"
"84227744FC";"6";"85.04"
"841813833D";"5";"87.04"
"8479315817";"5";"89.04"
"6811377E1A";"5";"90.04"
"7653104535";"5";"91.04"
"860618615C";"8";"91.96"
"77089792B8";"5";"93.0"
"921517287F";"5";"93.0"
"777844932D";"5";"93.96"
"8982483377";"5";"94.0"
"7672288C56";"6";"94.0"
"74152802A3";"5";"95.0"
"72469704D4";"6";"95.0"
"68103617AE";"5";"95.04"
"847676823F";"5";"96.04"
"910700389D";"5";"96.96"
"89839806D3";"5";"97.0"
"727047274A";"5";"98.0"
"7719771C8C";"5";"99.0"
"712149291A";"5";"101.0"
"899685686F";"5";"102.0"
"762426702B";"5";"103.04"
"93277384E7";"5";"104.0"
"702518995A";"5";"105.0"
"7226175C3E";"5";"105.04"
"7017521187";"5";"105.96"
"848169869B";"6";"105.96"
"7155328B73";"6";"106.0"
"7990497EB5";"5";"106.04"
"8313117929";"7";"107.0"
"8997264920";"5";"108.0"
"6816383133";"5";"110.04"
"6886811837";"6";"111.0"
"7379849C0A";"5";"111.96"
"92421374B9";"5";"112.0"
"68161007A7";"5";"112.04"
"714318029D";"5";"112.04"
"757529425E";"6";"112.04"
"7772224225";"5";"112.96"
"8287762D8C";"7";"113.0"
"898186664C";"5";"114.0"
"8076444C6B";"6";"114.0"
"6794374EC8";"5";"114.04"
"6794469D2E";"5";"114.04"
"9274494291";"5";"115.0"
"79368797BE";"5";"116.0"
"8268969914";"5";"116.0"
"7802054AA1";"5";"116.96"
"842132051B";"5";"117.04"
"6633513419";"5";"119.0"
"67618241B0";"5";"119.04"
"74583010B1";"6";"120.0"
"856971508A";"5";"120.96"
"89160182D0";"5";"121.04"
"916354193F";"5";"122.0"
"716452838A";"5";"122.04"
"6755240864";"5";"123.04"
"7684970DDA";"5";"124.0"
"7680951946";"5";"124.96"
"7817415EEC";"6";"124.96"
"7116735382";"6";"125.0"
"7209268C25";"5";"125.04"
"7951340557";"5";"125.04"
"849841169C";"5";"126.0"
"91717152A7";"5";"126.0"
"8806155CFC";"6";"126.04"
"8386730489";"5";"127.04"
"7874039689";"5";"128.0"
"7162537882";"5";"129.04"
"9022775579";"5";"129.96"
"6831952125";"5";"130.04"
"833829745C";"5";"130.04"
"8368188F2E";"5";"130.04"
"66267463CB";"6";"130.96"
"72180077CD";"6";"132.04"
"693399842A";"5";"132.96"
"8295277721";"5";"133.0"
"6760715E7F";"5";"134.04"
"70842056E6";"5";"135.0"
"7358345A61";"6";"135.96"
"8234886AE5";"6";"136.04"
"7065636B45";"5";"137.0"
"9199688EB0";"5";"139.0"
"731100937C";"5";"139.96"
"72476169EB";"5";"140.04"
"6863702A10";"5";"140.96"
"8972801D9D";"5";"140.96"
"80845437EE";"5";"141.0"
"8043438703";"5";"141.04"
"90903298CB";"5";"141.96"
"86908815E1";"5";"142.0"
"67202269EC";"5";"143.04"
"836100793D";"5";"144.04"
"8192113980";"5";"144.96"
"917852459D";"5";"145.0"
"93258059BC";"5";"145.04"
"7566930C2A";"7";"146.04"
"7674520E3D";"5";"147.0"
"67890472D1";"5";"147.04"
"6915001757";"5";"147.96"
"9156965690";"5";"147.96"
"8023279B46";"7";"148.04"
"7352858A5D";"5";"148.96"
"86906306BF";"6";"149.0"
"67174127BD";"6";"149.04"
"8507321F5D";"6";"149.96"
"7799406171";"5";"152.96"
"7440937775";"5";"153.0"
"8463294326";"5";"153.04"
"771168294C";"5";"153.96"
"7526736B07";"5";"154.04"
"7315971242";"5";"154.96"
"8419693676";"5";"155.04"
"725376081C";"5";"156.0"
"9225585993";"7";"156.0"
"8386275D0C";"5";"156.04"
"7968793802";"5";"157.04"
"7475007AE8";"5";"158.0"
"89418220F3";"5";"158.04"
"8347268F73";"6";"158.04"
"7894100167";"7";"158.04"
"6659329C20";"5";"160.0"
"7125301066";"5";"160.04"
"8186381F4C";"5";"160.96"
"7938133295";"5";"161.04"
"8438512066";"5";"161.04"
"8210488509";"5";"162.0"
"92255604F3";"9";"162.0"
"8520903798";"5";"162.96"
"7669538EF6";"5";"163.96"
"821513932A";"5";"163.96"
"9484831A24";"5";"164.04"
"70953525B2";"6";"164.04"
"92741159CC";"6";"164.04"
"8272853E40";"5";"165.0"
"9186478975";"5";"165.0"
"827281708F";"6";"165.0"
"8272859337";"6";"165.0"
"92255794A1";"9";"165.0"
"82151067ED";"5";"165.96"
"92256016C8";"9";"167.0"
"7192888EF0";"5";"167.04"
"7008692B98";"5";"167.96"
"8963974959";"5";"168.96"
"911434536E";"5";"169.04"
"7588684C22";"6";"169.04"
"797700833F";"5";"170.04"
"7349278011";"5";"171.96"
"7830324BC5";"9";"171.96"
"7997592DB0";"5";"172.04"
"8023727CF9";"6";"172.04"
"8328130E46";"5";"173.04"
"7943535C71";"7";"173.04"
"6498156FF4";"5";"174.0"
"7028924394";"7";"174.0"
"795585533D";"5";"174.04"
"8403157885";"5";"174.04"
"6784194DFB";"5";"174.96"
"8959327E84";"5";"175.0"
"6638250930";"9";"175.96"
"7976962D46";"5";"176.04"
"8335717347";"5";"176.04"
"83081061F6";"5";"177.04"
"87643824D3";"5";"178.04"
"7627755E8A";"6";"178.04"
"6925642493";"5";"178.96"
"7750443BE2";"5";"178.96"
"6973867919";"11";"178.96"
"8101110F71";"5";"179.96"
"74441567DC";"7";"179.96"
"8685513810";"5";"180.0"
"9186394425";"5";"181.0"
"748341121E";"6";"181.04"
"7851406133";"5";"181.96"
"67814261C5";"8";"182.04"
"7756360EBE";"5";"182.96"
"680556738D";"5";"183.04"
"8248732CF9";"5";"183.96"
"8609317922";"5";"184.96"
"94679320A8";"5";"185.0"
"6808004E9D";"6";"185.04"
"725226131A";"5";"187.0"
"74803872A2";"8";"187.04"
"7296517C4C";"5";"187.96"
"682299733E";"5";"188.0"
"8331561DA0";"5";"188.04"
"773723584D";"5";"188.96"
"7742108D9F";"5";"188.96"
"6996471683";"8";"188.96"
"7323238F29";"7";"189.96"
"9339618098";"5";"190.04"
"6830984253";"5";"190.96"
"68609391F9";"5";"190.96"
"7802222546";"6";"190.96"
"718225477E";"5";"191.0"
"7078845FAD";"5";"191.04"
"8407425A95";"5";"191.04"
"79366499F0";"7";"191.04"
"7936885CB0";"7";"191.04"
"836160029B";"7";"191.04"
"6841800FF4";"5";"191.96"
"7821418650";"5";"191.96"
"9151789731";"5";"191.96"
"87668823E4";"5";"192.04"
"72603251BA";"5";"192.96"
"82073821E3";"5";"192.96"
"868334287F";"5";"192.96"
"7421102719";"6";"192.96"
"6781438BA9";"8";"193.04"
"717783372B";"5";"194.0"
"8148148072";"8";"194.96"
"7183250D69";"5";"195.04"
"8316822A9F";"6";"196.04"
"7688240859";"6";"197.0"
"89895814EB";"5";"198.96"
"6568067C57";"7";"198.96"
"7171465023";"5";"199.04"
"7171294305";"6";"199.04"
"784738287B";"5";"199.96"
"7136189973";"5";"201.04"
"7835964A0C";"13";"201.96"
"7417146681";"5";"202.96"
"928991585F";"5";"203.04"
"766861661D";"5";"203.96"
"78333637A3";"10";"203.96"
"66363308C1";"5";"204.04"
"7968913B08";"5";"204.04"
"91741468C5";"7";"204.04"
"7575290F0D";"5";"205.04"
"72902031D5";"6";"205.96"
"729146319E";"6";"205.96"
"7291475B82";"6";"205.96"
"7143761212";"5";"206.04"
"9129147A6B";"5";"206.04"
"7849344B92";"5";"207.04"
"715361235F";"6";"208.04"
"84808391BE";"5";"210.0"
"8482409159";"5";"210.0"
"7552407B68";"5";"210.04"
"8150957E7D";"5";"210.96"
"7094762ECD";"9";"211.04"
"736739028F";"5";"211.96"
"681012441B";"9";"212.0"
"81088556D4";"5";"212.96"
"80757331B2";"8";"212.96"
"7794486553";"9";"212.96"
"7950174321";"7";"213.04"
"8986099B79";"6";"213.96"
"7119711B5F";"5";"214.04"
"8879247A6A";"5";"214.04"
"7803414CEF";"5";"214.96"
"69906502E0";"6";"214.96"
"7522242E75";"6";"215.04"
"6950682C3A";"11";"215.96"
"7937201179";"5";"216.04"
"8197857D98";"5";"216.96"
"7330411E82";"6";"216.96"
"689383194D";"5";"217.04"
"6609151BEE";"5";"218.04"
"6826328013";"5";"219.0"
"70589784EC";"7";"221.04"
"7103278271";"8";"221.04"
"6590983B39";"5";"221.96"
"834164600C";"8";"222.04"
"74909829E5";"5";"224.04"
"78108082AB";"5";"224.04"
"776213084E";"5";"224.96"
"8196732D37";"7";"224.96"
"680708041E";"11";"225.0"
"733674597F";"7";"225.96"
"6775691518";"6";"226.0"
"71674964CF";"5";"226.04"
"65938010B9";"5";"227.96"
"6822754AB4";"5";"227.96"
"8191015F65";"7";"227.96"
"8028095193";"5";"229.0"
"7865631C07";"5";"229.04"
"6709616647";"5";"230.04"
"778517734C";"5";"230.96"
"80979228A1";"8";"230.96"
"75824145F9";"5";"231.04"
"781953111E";"5";"232.0"
"820000495C";"6";"232.96"
"8201107796";"6";"232.96"
"8204107345";"6";"232.96"
"7636086981";"7";"233.0"
"6873781785";"6";"233.96"
"670530618F";"5";"234.0"
"68875412A3";"5";"234.96"
"77400256AF";"9";"234.96"
"89183864F2";"5";"235.0"
"8013951991";"6";"235.0"
"674197341F";"9";"235.04"
"67394577D9";"5";"237.04"
"7052036434";"8";"238.04"
"808931169C";"6";"238.96"
"70785403FF";"5";"239.04"
"78970167C1";"5";"239.04"
"726650097D";"5";"239.96"
"7809534753";"6";"240.0"
"8315358280";"5";"240.04"
"7747865C73";"5";"240.96"
"68143324A8";"6";"240.96"
"73569245BD";"8";"240.96"
"746271071B";"5";"241.04"
"9093144BCD";"5";"241.96"
"6724795463";"5";"242.04"
"65880349A2";"8";"242.96"
"766147947A";"5";"243.0"
"8230849776";"5";"243.0"
"9009738EFD";"5";"243.96"
"7859446C01";"5";"245.04"
"82959556A2";"5";"245.04"
"8440648314";"6";"246.0"
"8657332060";"7";"246.0"
"7322786A2A";"6";"246.96"
"8149465F40";"6";"246.96"
"713343157B";"5";"247.04"
"74272329BB";"5";"248.0"
"75849491ED";"5";"248.0"
"84631013E1";"6";"249.0"
"7397035263";"7";"249.0"
"790884053B";"5";"249.04"
"8188978E69";"5";"251.96"
"804005601B";"7";"251.96"
"70668472A1";"5";"252.04"
"756271777E";"5";"252.04"
"7924696205";"5";"252.04"
"77667550FC";"5";"252.96"
"7595845197";"5";"253.0"
"82717911E0";"5";"256.04"
"772032668E";"5";"256.96"
"8845131103";"5";"257.0"
"7480208EE7";"5";"257.04"
"7796340F48";"5";"259.0"
"7169524E5B";"7";"259.0"
"66642622FA";"7";"259.04"
"7327039FD8";"5";"259.96"
"71650713A3";"5";"260.0"
"9189729446";"6";"260.04"
"7365503D58";"5";"260.96"
"81502349DB";"5";"260.96"
"801262969F";"5";"261.0"
"8008815B34";"7";"261.0"
"700203888B";"5";"262.0"
"7590375F96";"5";"262.0"
"7658649516";"5";"262.0"
"6607861366";"5";"262.04"
"707185575B";"5";"264.04"
"91204777B6";"5";"265.96"
"6925768C8B";"5";"266.04"
"7376092FA9";"5";"267.0"
"786990965A";"5";"267.04"
"79667756B4";"5";"267.04"
"7244673D46";"8";"268.96"
"7563133EC7";"5";"269.0"
"7640494F18";"5";"271.0"
"81878256EF";"5";"271.0"
"7188890BB0";"7";"271.0"
"7081726929";"5";"271.04"
"7356264517";"6";"272.96"
"6916198324";"5";"273.0"
"8376080FDD";"5";"273.0"
"9135241F57";"7";"275.0"
"7133448383";"5";"276.0"
"8235412CF6";"5";"276.04"
"7253628B2D";"5";"278.0"
"7253746C8D";"5";"278.0"
"7253750FD9";"5";"278.0"
"89207091F3";"7";"278.0"
"9181574A8C";"5";"278.04"
"7317858774";"12";"278.96"
"6950082D17";"5";"279.0"
"7252013671";"5";"279.0"
"7252057ABF";"5";"279.0"
"72521653E1";"5";"279.0"
"72522065B6";"5";"279.0"
"72523371D2";"5";"279.0"
"7252398428";"5";"279.0"
"77895170C8";"10";"279.0"
"81364792E1";"7";"279.96"
"75888114F2";"5";"280.0"
"8675047B3E";"5";"280.0"
"7437321F6E";"5";"280.04"
"77580365D5";"5";"280.96"
"9042112ADD";"5";"280.96"
"76737399BE";"6";"280.96"
"941419684C";"5";"281.0"
"734577661E";"5";"281.96"
"7735483283";"5";"282.96"
"65983781C8";"5";"283.0"
"7715911B2D";"5";"283.0"
"88791602A1";"5";"283.0"
"6952267837";"5";"284.0"
"6953300CAB";"5";"284.0"
"8381646117";"7";"284.0"
"69214408F8";"5";"284.96"
"7627775F0B";"5";"285.0"
"8339798B04";"5";"285.0"
"8055120F4B";"9";"285.0"
"7650144A88";"5";"286.0"
"78414866F3";"5";"288.0"
"831041750E";"10";"288.0"
"820101078A";"15";"288.0"
"8309184B8B";"5";"289.04"
"8049379DAC";"5";"290.0"
"775303353A";"6";"290.96"
"6629136814";"6";"291.0"
"891356173A";"5";"293.0"
"7613280567";"10";"293.0"
"83066776B5";"5";"293.04"
"8885055356";"7";"294.0"
"7156286207";"10";"294.0"
"654595334D";"5";"294.04"
"7794880A75";"5";"295.0"
"846252153F";"8";"295.0"
"66875336CF";"6";"295.04"
"700801199E";"5";"296.0"
"7403547043";"5";"296.0"
"8904909360";"7";"296.0"
"90253312C1";"5";"296.96"
"779367366A";"5";"297.0"
"7666221DB0";"5";"298.0"
"78118259EA";"5";"299.0"
"7042737A6B";"5";"299.04"
"7925833C4A";"6";"299.04"
"70083029C2";"6";"300.0"
"8096390862";"7";"300.96"
"841422454D";"5";"301.0"
"7603133FD2";"7";"301.0"
"86097541C4";"7";"301.0"
"6970733ED5";"8";"302.0"
"76701464B6";"7";"302.96"
"801333908A";"7";"303.0"
"7831015602";"13";"303.04"
"8789459B03";"5";"304.0"
"8186427545";"7";"304.0"
"699807522E";"5";"305.0"
"7495221409";"5";"305.0"
"6952708425";"5";"306.0"
"738511340A";"29";"306.0"
"6691531A0F";"5";"306.04"
"770045587C";"6";"307.0"
"8181861D47";"7";"307.0"
"76238529B0";"9";"307.0"
"9031934BB6";"5";"307.96"
"661932147D";"5";"308.0"
"7413434F41";"5";"308.0"
"8034361470";"5";"308.0"
"79748026CB";"5";"309.0"
"8405380301";"5";"309.0"
"6696131E18";"8";"309.04"
"7507777D90";"5";"311.0"
"814047005C";"5";"311.96"
"8546211C69";"5";"311.96"
"9058962BEC";"5";"314.0"
"86784481D9";"7";"314.04"
"6925117355";"5";"315.0"
"6958111ED4";"5";"315.0"
"89056506DD";"5";"315.0"
"7802893EFD";"5";"316.0"
"7951522B86";"7";"317.0"
"8298417657";"7";"319.0"
"8003500921";"5";"320.0"
"8969668431";"7";"320.96"
"807384292F";"8";"320.96"
"78680074C6";"9";"321.04"
"8471064F24";"5";"322.0"
"8621802815";"5";"322.0"
"8127740739";"10";"322.0"
"7065194E84";"5";"322.04"
"8291446DAE";"6";"322.04"
"8337032074";"5";"323.0"
"76030825BF";"8";"323.0"
"73752286AD";"7";"325.0"
"82414904B2";"8";"325.0"
"6630288EBB";"6";"325.04"
"7758451C4B";"5";"326.0"
"9092511172";"5";"327.0"
"7292689557";"8";"327.96"
"7137210403";"7";"328.0"
"6628420937";"6";"328.04"
"6964774951";"7";"329.0"
"6616971136";"5";"330.0"
"70621942DA";"5";"330.0"
"76571342DF";"10";"330.0"
"90906544FF";"5";"331.0"
"6575816706";"5";"333.0"
"7777716648";"5";"334.0"
"7779135946";"5";"334.0"
"7530792E24";"5";"335.0"
"7833475411";"5";"335.0"
"8046451D69";"6";"335.0"
"7576440413";"7";"335.0"
"8873413C0B";"7";"335.0"
"77042536B2";"6";"335.96"
"7048608753";"5";"336.04"
"6850248B78";"5";"337.0"
"826386444E";"5";"337.0"
"84075956E0";"6";"337.0"
"79951259DC";"8";"338.0"
"685260655C";"5";"341.0"
"7765128257";"7";"341.0"
"6907976222";"8";"341.0"
"7416508802";"6";"341.04"
"7261798149";"7";"342.96"
"729984784E";"5";"343.0"
"81190167F3";"5";"343.0"
"84673294EF";"5";"344.0"
"756981374C";"5";"345.0"
"76550879A0";"5";"345.0"
"7928041A64";"5";"345.0"
"7327369030";"7";"345.0"
"8073903B85";"5";"346.0"
"8562301A4D";"5";"346.0"
"8672138AA9";"5";"347.0"
"8243325EF9";"6";"347.0"
"84650582D9";"6";"347.0"
"7240133AC0";"10";"347.0"
"66244805D4";"5";"349.0"
"6946494C2E";"5";"349.0"
"6629468A0D";"6";"349.0"
"7539634ECA";"5";"350.0"
"7978886106";"5";"350.0"
"79792182FF";"5";"350.0"
"8410936BF3";"5";"350.0"
"7101970B09";"7";"350.0"
"8435020EB1";"7";"351.0"
"7698527175";"8";"351.0"
"82980138F2";"6";"352.0"
"8206586102";"6";"353.0"
"7376101719";"5";"354.0"
"7119443E35";"5";"355.0"
"7750505F0B";"5";"355.0"
"77505368A2";"5";"355.0"
"77505747FE";"5";"355.0"
"7070452192";"5";"356.0"
"7070546F20";"5";"356.0"
"89195895B1";"5";"356.0"
"80930525C8";"5";"357.0"
"8166024030";"5";"357.0"
"846660604D";"5";"357.0"
"73439291EE";"9";"357.0"
"71049473BE";"5";"358.0"
"83967311A0";"5";"358.0"
"8945617CAB";"8";"358.0"
"7807492238";"5";"359.0"
"6823069EA5";"5";"360.0"
"68232357A4";"5";"360.0"
"70998494BD";"7";"360.0"
"6582665AFE";"5";"361.0"
"81426241E5";"5";"361.0"
"8167146E13";"5";"361.0"
"80731817B6";"5";"362.0"
"702779718D";"6";"362.0"
"66881178BD";"5";"364.0"
"7778441C90";"5";"364.0"
"6739830BA7";"9";"364.0"
"673986588A";"9";"364.0"
"81197093D6";"5";"365.0"
"8293905AEA";"5";"365.0"
"706560300D";"5";"366.0"
"7849340846";"5";"366.0"
"801621992E";"5";"366.0"
"8085737142";"8";"366.0"
"8939565A67";"5";"369.0"
"8965201DE5";"5";"370.0"
"8362866756";"6";"371.0"
"826906477A";"5";"372.0"
"871467487B";"5";"372.0"
"8912756EE9";"5";"372.0"
"8996827083";"5";"373.0"
"8996865FDA";"5";"373.0"
"7332380763";"5";"374.0"
"842056560F";"5";"376.0"
"7247398606";"7";"376.04"
"8177734F91";"5";"377.0"
"8323378CCD";"5";"377.0"
"8841829C1A";"5";"377.0"
"7346738FF9";"5";"378.0"
"7189500316";"6";"378.0"
"7610082654";"7";"378.0"
"7427269844";"5";"378.96"
"697933596F";"5";"379.0"
"8278506743";"11";"379.0"
"675434884A";"5";"381.0"
"9220718933";"5";"381.0"
"7966972945";"6";"381.0"
"760315954A";"9";"381.0"
"7515942F88";"5";"382.0"
"692774298B";"5";"383.0"
"693861563B";"5";"383.0"
"7793526D19";"7";"383.0"
"722593997E";"9";"383.0"
"6661227A68";"5";"385.0"
"8091505927";"7";"385.0"
"7050800838";"5";"386.0"
"7050926035";"5";"386.0"
"70509346CD";"5";"386.0"
"8346422552";"6";"387.0"
"7278622CE0";"5";"388.0"
"75830101D0";"5";"388.0"
"76068478B8";"10";"389.04"
"7867803C6B";"5";"390.0"
"6905407A1E";"5";"391.0"
"8265968C92";"5";"391.0"
"7603112E7E";"8";"391.0"
"6908203D72";"9";"391.0"
"72226710AA";"5";"392.0"
"88291404D1";"5";"392.0"
"8829186AC5";"5";"392.0"
"8961743845";"5";"392.0"
"83464192D9";"6";"392.0"
"7603072D7C";"8";"392.0"
"8249255C91";"7";"393.0"
"7603102640";"8";"393.0"
"7822215804";"6";"393.96"
"8698999112";"6";"394.0"
"76725547DA";"5";"395.0"
"7510645C50";"6";"396.0"
"74193018DD";"11";"396.0"
"70995730FB";"5";"397.0"
"686378810B";"5";"398.0"
"71555090D4";"5";"398.0"
"715551776C";"5";"398.0"
"7155519912";"5";"398.0"
"75257415EF";"5";"398.0"
"74723011DB";"6";"398.0"
"7909178C26";"6";"398.0"
"7238161F66";"5";"398.04"
"7002763ED3";"5";"398.96"
"6864634B2C";"5";"399.0"
"71978047C2";"5";"399.0"
"7580674A13";"5";"399.0"
"774054971A";"5";"399.0"
"8211506D1B";"5";"399.0"
"8266524767";"5";"400.0"
"80694733C7";"11";"401.0"
"66324284BA";"6";"403.0"
"7702065919";"6";"403.0"
"8855547490";"5";"404.0"
"7514815D81";"6";"404.0"
"7732901FC3";"5";"406.0"
"7507482A20";"7";"406.0"
"74351976A9";"8";"406.0"
"7652720851";"5";"406.04"
"8977321FA2";"5";"407.0"
"89773610A9";"5";"407.0"
"6975904A15";"5";"408.96"
"8224460F15";"6";"408.96"
"794348318B";"5";"409.0"
"7188389E3F";"6";"409.04"
"701139957D";"5";"409.96"
"7820922CFE";"5";"409.96"
"7473316774";"5";"410.0"
"8410930701";"5";"410.0"
"89842673AB";"5";"410.0"
"7701683DDB";"6";"410.0"
"810885245B";"5";"411.0"
"890582681A";"5";"411.04"
"6526374632";"7";"411.96"
"6754331A42";"5";"412.0"
"6755216497";"5";"412.0"
"7327356574";"5";"412.0"
"8861796965";"5";"412.0"
"7646131AE6";"8";"412.04"
"72724843A6";"5";"413.0"
"77499125B2";"5";"413.0"
"6942979784";"5";"414.0"
"8976701003";"5";"414.0"
"75508717DD";"7";"414.0"
"8093001BB0";"5";"415.0"
"7413445857";"6";"415.96"
"6498307C91";"5";"417.0"
"6858624B90";"5";"417.0"
"6858646DB7";"5";"417.0"
"6910452D61";"5";"417.0"
"7278928966";"7";"417.0"
"74944610DE";"5";"418.0"
"798214419C";"5";"418.0"
"72679641A1";"6";"419.0"
"7100151DF2";"5";"420.0"
"7430755502";"9";"420.0"
"77014849A4";"10";"420.0"
"7630971C78";"5";"420.04"
"8893734D76";"5";"420.04"
"86519127A4";"5";"420.96"
"6905058A1D";"10";"420.96"
"77498946D7";"5";"421.0"
"7771116FC7";"5";"421.0"
"8110049028";"5";"421.0"
"819098891F";"6";"421.96"
"84412346A8";"9";"422.04"
"8037440150";"5";"424.0"
"7218274424";"5";"424.04"
"73213243B1";"13";"426.0"
"68384367E7";"5";"426.04"
"65879650B4";"5";"426.96"
"82600053C2";"5";"426.96"
"8572461A99";"7";"427.0"
"7209915214";"5";"427.04"
"84450389D0";"5";"427.04"
"67099802AA";"5";"428.96"
"77204962D9";"5";"429.0"
"8068785C03";"5";"429.0"
"654613055D";"7";"429.0"
"7132638713";"13";"429.0"
"8602591AA9";"5";"429.96"
"7248867249";"5";"430.04"
"7253560312";"5";"430.04"
"7749884E94";"5";"431.0"
"7429694970";"5";"433.96"
"7721997981";"13";"434.0"
"87785153BF";"5";"435.04"
"7856353397";"5";"436.0"
"8054006800";"5";"436.04"
"82852726BE";"5";"437.0"
"8073883B04";"10";"437.0"
"6782990C69";"5";"437.04"
"7243213873";"5";"437.04"
"8949007A30";"5";"437.04"
"74274784BE";"5";"437.96"
"6709935D84";"7";"437.96"
"6709965648";"8";"437.96"
"714975761F";"6";"438.0"
"8669646235";"6";"440.0"
"7656496460";"5";"440.04"
"6907936120";"7";"441.0"
"6941899C44";"7";"441.96"
"7049933CBE";"9";"442.0"
"81569174D9";"8";"442.96"
"7847316206";"5";"443.96"
"6939849091";"5";"444.96"
"8259071100";"6";"444.96"
"82727698F0";"5";"445.0"
"7392818A66";"8";"445.0"
"6561106BF1";"8";"445.96"
"700920421F";"5";"446.96"
"804823097E";"7";"447.04"
"8720823ACB";"8";"448.0"
"76390653DC";"6";"449.04"
"7026302FD2";"5";"450.0"
"70617314C5";"5";"450.0"
"707492901C";"5";"450.0"
"7720538581";"5";"450.0"
"7039330EDE";"5";"451.0"
"793354479D";"11";"452.0"
"66731888F0";"5";"453.0"
"84745614F8";"8";"454.0"
"761515725B";"6";"454.04"
"815851076E";"6";"454.96"
"7867731104";"6";"455.0"
"67429770A7";"5";"456.0"
"7155834D03";"5";"456.0"
"7634000018";"7";"456.04"
"812225158F";"7";"457.0"
"67536865FE";"5";"458.0"
"755245208E";"5";"459.04"
"84355850F6";"5";"459.04"
"7734836C94";"5";"459.96"
"74091976C8";"16";"460.96"
"83137481E3";"5";"462.0"
"6793074DFD";"5";"462.04"
"7168013F70";"8";"462.04"
"692320597E";"5";"463.96"
"6573382E6A";"5";"464.96"
"74273299C7";"7";"464.96"
"68759082C8";"5";"465.0"
"744386795E";"5";"466.0"
"8883305F2D";"5";"467.04"
"740968055E";"6";"467.96"
"740968597D";"6";"467.96"
"8244834C3E";"5";"468.96"
"781740028F";"17";"468.96"
"7343323DD4";"5";"470.0"
"6358373762";"6";"470.96"
"867792958D";"10";"471.0"
"6632379C48";"5";"471.96"
"8005358667";"5";"472.04"
"6875883E23";"6";"473.0"
"7667099240";"9";"473.0"
"7603165A3C";"9";"473.04"
"7941406F88";"5";"474.0"
"6921900494";"5";"474.96"
"7951332EBA";"12";"476.04"
"687065430B";"5";"477.0"
"7472320189";"6";"478.0"
"742968847E";"5";"478.96"
"6893100E0E";"16";"480.96"
"8829165971";"7";"482.04"
"8829235337";"7";"482.04"
"8539506F44";"5";"482.96"
"6503070720";"7";"482.96"
"8779241ADA";"5";"483.0"
"7560024928";"7";"483.04"
"7831119BD3";"5";"483.96"
"89269418C0";"5";"484.04"
"70004813AC";"5";"484.96"
"650148397D";"5";"486.96"
"7576780CA4";"6";"488.04"
"780817128C";"5";"488.96"
"6847923CD1";"5";"489.04"
"67891339C7";"9";"491.04"
"66246745EC";"5";"493.96"
"80043896C2";"17";"494.04"
"6680202514";"7";"495.0"
"7559156CDB";"5";"495.04"
"72079826E9";"6";"495.04"
"7556774F2A";"5";"496.04"
"8006806156";"5";"496.04"
"7750143453";"13";"496.96"
"81025671D0";"6";"497.0"
"67477313C6";"6";"499.04"
"698116606F";"5";"499.96"
"6981184F45";"7";"499.96"
"6977254425";"5";"501.96"
"697721217D";"7";"501.96"
"8516172773";"7";"502.96"
"6752572EAE";"7";"503.04"
"747228871F";"6";"505.0"
"6845439AF5";"5";"506.96"
"8133756BC7";"5";"506.96"
"69708130DE";"5";"507.96"
"6970826B95";"5";"507.96"
"8156421B87";"6";"509.96"
"7497150BE3";"5";"510.0"
"7939620DAE";"7";"510.04"
"8123345C59";"6";"510.96"
"78890065B2";"6";"511.0"
"761318355B";"6";"511.04"
"6965905EA4";"5";"512.96"
"6965914614";"5";"512.96"
"7595843FEC";"6";"513.04"
"8726313D48";"8";"514.0"
"8349962E9C";"5";"514.04"
"7278613575";"5";"514.96"
"64663676DA";"6";"514.96"
"77539509F4";"6";"514.96"
"6658377A83";"9";"515.0"
"6772658E2C";"5";"515.04"
"6982779385";"5";"515.96"
"6961736E46";"7";"515.96"
"8585763BC1";"5";"516.96"
"746850661E";"9";"517.0"
"8153826E10";"5";"517.96"
"69599035A5";"5";"518.96"
"6959914EB6";"5";"518.96"
"81778417E0";"5";"518.96"
"8224326085";"5";"518.96"
"8224339B3C";"5";"518.96"
"822434937F";"5";"518.96"
"82243650B4";"5";"518.96"
"82243872DB";"5";"518.96"
"82244040E3";"5";"518.96"
"8224423091";"5";"518.96"
"8224430656";"5";"518.96"
"822444203F";"5";"518.96"
"805266448D";"7";"519.04"
"6568924F8E";"5";"519.96"
"6569172C37";"5";"519.96"
"65692447A3";"5";"519.96"
"681878710B";"5";"520.0"
"705220607F";"5";"520.0"
"745879692B";"6";"521.0"
"8465805B48";"7";"521.04"
"695391368A";"5";"522.96"
"6953931565";"5";"522.96"
"6953955932";"7";"522.96"
"8260929E41";"5";"524.0"
"6970291219";"5";"524.96"
"6828073018";"5";"526.0"
"79000954A1";"5";"526.0"
"845748161B";"6";"526.04"
"69509601A7";"5";"526.96"
"6950978082";"5";"526.96"
"6964152807";"5";"526.96"
"6951008941";"6";"526.96"
"6940194D41";"5";"527.96"
"6671213B1D";"5";"529.0"
"86674920AC";"5";"529.96"
"7722508F30";"13";"529.96"
"8009788E25";"7";"530.04"
"6682122583";"8";"531.0"
"79833726FB";"5";"531.04"
"8538017285";"5";"532.96"
"6851664BFD";"6";"533.96"
"7933427710";"13";"534.04"
"769697725B";"5";"534.96"
"6813642B3E";"5";"535.96"
"7069321C3A";"11";"536.0"
"8070871571";"5";"536.96"
"70533944DC";"5";"537.04"
"705701402F";"5";"537.04"
"8859120917";"5";"537.04"
"6711132951";"6";"538.04"
"6720647559";"7";"538.04"
"68432783A7";"10";"540.0"
"715305146B";"5";"540.04"
"7642055748";"5";"540.04"
"801222051B";"5";"540.96"
"7026572EA2";"6";"541.96"
"684332064F";"11";"542.0"
"6982484015";"9";"543.0"
"6940173BED";"5";"543.96"
"6714450B6A";"5";"545.04"
"7752147A12";"9";"545.96"
"7471274259";"5";"546.04"
"8280778A2C";"9";"546.04"
"6540050BFB";"5";"546.96"
"6922047DE0";"5";"546.96"
"69401465A7";"5";"546.96"
"72495104E7";"6";"546.96"
"6544129217";"5";"548.96"
"8812177681";"5";"550.04"
"6606225D51";"5";"551.96"
"8639997F10";"5";"551.96"
"67419121C9";"5";"552.04"
"6926119E32";"7";"553.96"
"6760907CF1";"7";"554.04"
"6923275344";"7";"554.96"
"6923289ECE";"7";"554.96"
"8331625274";"5";"557.04"
"8407974FA0";"37";"557.04"
"6917236BB7";"5";"557.96"
"6917257D0B";"5";"557.96"
"6917356EBD";"5";"557.96"
"6917377016";"5";"557.96"
"6917219DAF";"6";"557.96"
"8517061514";"5";"560.0"
"7361966687";"7";"560.04"
"690824936B";"5";"560.96"
"8555923B02";"5";"560.96"
"7843972A75";"5";"561.96"
"78440445E1";"5";"561.96"
"7493626FC9";"123";"562.04"
"68508013D4";"7";"564.0"
"6909912FC1";"5";"564.96"
"879372074E";"7";"565.04"
"8132203A34";"5";"565.96"
"72391385A8";"5";"566.0"
"7430882DCD";"5";"566.04"
"6581873D69";"8";"567.96"
"8427840993";"5";"568.0"
"8726329A7D";"8";"569.04"
"7719130B94";"6";"569.96"
"7517839CFD";"5";"570.04"
"67398246B5";"5";"571.04"
"8414806595";"7";"571.04"
"67158037F3";"5";"572.04"
"74305278DA";"6";"572.96"
"80965035A3";"18";"572.96"
"6843329DBA";"11";"575.0"
"7570965DF3";"5";"576.04"
"770213962B";"5";"576.96"
"770225778B";"5";"576.96"
"6783512B2E";"16";"576.96"
"8048854C6E";"7";"577.0"
"7570959901";"5";"577.04"
"80452015E3";"9";"578.0"
"7591508694";"5";"578.04"
"6886879057";"7";"578.96"
"6693074364";"7";"579.04"
"7460064F8C";"5";"580.04"
"87758550A6";"7";"580.04"
"8775856179";"8";"580.04"
"877585831F";"8";"580.04"
"7849781434";"5";"583.0"
"743178462A";"5";"583.04"
"66811199CE";"6";"583.04"
"7560515E56";"9";"584.0"
"7221339575";"6";"585.0"
"70256440D7";"5";"585.04"
"68635615B6";"6";"587.96"
"7311238077";"5";"588.96"
"737452635F";"5";"588.96"
"7835083308";"8";"589.0"
"6811669F11";"5";"590.0"
"6811678681";"5";"590.0"
"68387581A2";"5";"590.0"
"7951123245";"5";"590.04"
"6947637B6A";"5";"590.96"
"71450899F6";"5";"592.04"
"8474336B49";"5";"593.0"
"7183466FA8";"9";"593.04"
"81316555FC";"5";"593.96"
"7883297E78";"7";"595.04"
"8492535595";"6";"596.96"
"6747127157";"5";"597.04"
"6747138A68";"5";"597.04"
"72278377C6";"7";"598.0"
"8244138DE2";"5";"598.96"
"87469535F5";"9";"599.04"
"7067597D89";"5";"601.04"
"6629170424";"5";"602.04"
"7135201A20";"7";"602.04"
"7380606CBC";"5";"602.96"
"6629182E08";"5";"603.04"
"7423355A54";"7";"603.04"
"8739072E57";"6";"604.04"
"713519445B";"7";"605.04"
"7258576E64";"7";"606.96"
"788130851B";"14";"609.04"
"7977647291";"21";"611.0"
"6682622221";"5";"611.04"
"70386383D3";"5";"612.04"
"7290104023";"5";"615.96"
"796250422B";"5";"616.04"
"6681318E05";"7";"616.04"
"65960890D7";"5";"616.96"
"878834213F";"6";"617.04"
"8100893C5F";"5";"617.96"
"71286181AC";"5";"619.0"
"6629145F7F";"6";"619.0"
"83134235AF";"5";"621.04"
"66635539E2";"5";"622.04"
"8672765017";"5";"623.0"
"77414384BB";"6";"623.0"
"855289583A";"10";"623.96"
"6661069806";"5";"625.04"
"6926875E11";"5";"625.96"
"8446444217";"5";"625.96"
"7045068E04";"5";"626.04"
"704546232B";"5";"626.04"
"7045475DE2";"5";"626.04"
"792078568E";"5";"629.04"
"6970846C16";"6";"631.0"
"671622977F";"5";"631.04"
"66512587BB";"5";"633.04"
"66512690D1";"5";"633.04"
"7621724D9A";"5";"634.0"
"72388464B1";"6";"635.0"
"6636203FF1";"5";"642.0"
"69922424A2";"10";"642.04"
"6828096312";"5";"644.0"
"763476468F";"7";"644.0"
"65947629C1";"6";"645.0"
"780480265B";"7";"645.0"
"661783495F";"10";"648.0"
"7366475F76";"12";"648.0"
"7929229EC1";"5";"650.0"
"8536501F76";"5";"652.96"
"7056797D18";"5";"653.04"
"66091180B6";"5";"654.0"
"6609193E96";"5";"654.0"
"7228506FD7";"5";"655.0"
"77763975CF";"11";"655.0"
"7821247932";"5";"657.0"
"8511262398";"6";"657.96"
"7810142D0E";"18";"660.0"
"79544858AC";"7";"662.0"
"73163868B8";"5";"664.96"
"7316395028";"5";"664.96"
"6799388879";"5";"665.0"
"7018008369";"5";"666.0"
"72955015E0";"8";"668.0"
"8205729DC6";"20";"669.0"
"69335534F0";"5";"671.0"
"8735392186";"5";"671.04"
"709454079C";"6";"671.04"
"776278767B";"14";"674.0"
"7348379A2D";"6";"675.0"
"68432940DC";"11";"676.0"
"7358602E75";"6";"680.0"
"6910410AB9";"5";"685.0"
"69110288B7";"5";"685.0"
"691105817B";"5";"685.0"
"7992571E3A";"5";"686.0"
"661682156C";"5";"686.04"
"744496102D";"18";"686.04"
"6870612063";"5";"687.96"
"67471482AB";"5";"688.0"
"7608657E5F";"7";"690.0"
"7137472C36";"8";"690.0"
"7758144EF2";"7";"691.0"
"7017981D1E";"8";"693.0"
"7141626037";"6";"694.0"
"7925040DE2";"9";"694.0"
"6716054715";"8";"695.0"
"86236805DC";"23";"695.0"
"67719863A2";"5";"697.0"
"65698782D6";"5";"698.0"
"6894375A39";"5";"698.0"
"6573842A06";"5";"699.0"
"739119818B";"18";"699.0"
"86491142AA";"7";"701.0"
"697745492F";"9";"702.0"
"74689547D1";"14";"703.0"
"6766232747";"5";"704.0"
"6958574CE9";"5";"704.0"
"6568879A6D";"6";"704.0"
"6568944014";"6";"704.0"
"6568984116";"6";"704.0"
"65690610A1";"6";"704.0"
"65691455F1";"6";"704.0"
"6569219303";"6";"704.0"
"82440938C1";"6";"704.0"
"6550408FAB";"5";"705.0"
"6550416648";"5";"705.0"
"6967330699";"5";"706.0"
"7963781FF7";"8";"707.0"
"7315770C60";"9";"707.0"
"663833602B";"9";"708.04"
"698616099A";"10";"710.0"
"822638647B";"10";"710.0"
"6947287A96";"5";"711.0"
"7042765189";"8";"711.04"
"68734240EC";"5";"713.0"
"6948570D59";"5";"713.0"
"7582982AB2";"6";"713.0"
"8623668BF3";"21";"714.0"
"6680299520";"5";"719.0"
"68650377BE";"5";"719.0"
"6865061B8B";"5";"719.0"
"84227522D5";"7";"719.0"
"8593546280";"8";"721.0"
"7651642EB7";"9";"721.0"
"68596298EB";"5";"722.0"
"77324950BD";"7";"722.0"
"6681160BA3";"5";"728.0"
"66811779AB";"5";"728.0"
"6681185048";"5";"728.0"
"6681204FF1";"7";"728.0"
"6927320D4B";"5";"733.0"
"6649081338";"9";"736.0"
"721878382D";"5";"737.0"
"826333716A";"5";"739.0"
"7337118D4D";"5";"740.0"
"684283888C";"5";"740.04"
"755454930D";"5";"742.0"
"69485550FC";"5";"744.0"
"76919963E7";"5";"744.0"
"6692956204";"5";"745.0"
"7204055E3D";"5";"747.0"
"85365442F6";"5";"750.0"
"6743871267";"8";"752.0"
"67228829B9";"5";"753.0"
"7737592EE6";"5";"754.0"
"773761845E";"5";"754.0"
"73089028BA";"8";"755.0"
"6824074C00";"5";"755.04"
"682408229D";"5";"755.04"
"6824092ADB";"5";"755.04"
"68241033F1";"5";"755.04"
"730539175C";"5";"756.0"
"7460082E67";"5";"757.0"
"71758209FC";"5";"758.0"
"8603681E27";"5";"759.0"
"750257049F";"9";"760.0"
"66184440C5";"5";"760.96"
"6618481F49";"7";"760.96"
"6946408538";"5";"763.0"
"837581987D";"6";"763.0"
"7135261BA3";"5";"768.0"
"7045131205";"5";"770.0"
"8279212DDD";"5";"770.0"
"7232153175";"12";"772.04"
"6811683AA0";"5";"774.04"
"7024786CC8";"5";"777.0"
"712323142D";"5";"777.0"
"6554284E3F";"5";"778.0"
"7759052C41";"5";"783.96"
"6641964216";"5";"784.0"
"6641970708";"5";"784.0"
"85119424BF";"6";"784.0"
"6811639652";"5";"784.04"
"6971464A14";"10";"784.96"
"8509806211";"6";"785.0"
"6986165DB9";"7";"785.0"
"78562953BA";"5";"789.0"
"6811594131";"5";"789.04"
"7235601ED2";"10";"789.04"
"734344200C";"5";"790.96"
"8483131528";"6";"792.0"
"7720572191";"5";"793.0"
"6926689496";"13";"795.0"
"750699041F";"5";"797.0"
"6702355E4D";"5";"798.0"
"758189058E";"5";"798.0"
"8152872ACD";"5";"798.0"
"84807410DF";"9";"798.0"
"8364815FB1";"9";"800.0"
"784061582D";"6";"802.0"
"7737703A81";"5";"804.0"
"8166892C78";"5";"805.0"
"847219654F";"6";"808.04"
"6989395736";"5";"813.0"
"7236776878";"5";"813.04"
"78311369DB";"9";"813.96"
"8458024634";"5";"814.0"
"7889482E7E";"8";"815.0"
"7105543F90";"5";"818.0"
"7213921BEC";"5";"818.04"
"6770296101";"5";"819.04"
"6696084751";"5";"820.0"
"7862158A05";"5";"823.0"
"7175817783";"5";"826.04"
"76976795A9";"7";"829.0"
"6704740E77";"5";"831.0"
"680518477C";"5";"832.04"
"7773845BD3";"5";"838.96"
"7831082D4A";"5";"839.96"
"7831095806";"5";"839.96"
"7831160DA8";"6";"839.96"
"8096620630";"5";"840.0"
"7237119387";"9";"840.04"
"73498529BC";"7";"842.0"
"6619720DBE";"9";"844.96"
"8199781158";"9";"844.96"
"7476093B1A";"6";"845.0"
"8364658E22";"12";"846.04"
"7629538DEB";"5";"849.0"
"661231709C";"5";"849.96"
"6966002EB0";"5";"849.96"
"7881295A5F";"5";"853.0"
"82925214CF";"10";"853.0"
"6607457601";"5";"854.96"
"6607438653";"10";"854.96"
"7553545685";"17";"857.04"
"7286545726";"5";"858.96"
"6715749B62";"5";"861.0"
"6839075739";"5";"861.04"
"7226625F97";"5";"863.0"
"84101524FB";"5";"863.04"
"659743793C";"5";"863.96"
"8408577141";"5";"865.04"
"8408651E4E";"5";"865.04"
"8408833482";"5";"865.04"
"6977578F81";"5";"867.96"
"6502282CD7";"5";"873.96"
"665763997F";"5";"876.0"
"8391292936";"5";"880.04"
"68199722EF";"9";"881.04"
"7732430B16";"5";"882.96"
"8149436754";"13";"882.96"
"7096620C13";"5";"883.04"
"7727307775";"5";"883.96"
"674922657C";"11";"886.04"
"77347673A6";"5";"886.96"
"7735102818";"5";"886.96"
"8333925C76";"15";"889.04"
"7727335E8E";"5";"889.96"
"6561164BCE";"5";"890.96"
"6561183B7C";"5";"890.96"
"656117333E";"9";"890.96"
"7601964B23";"5";"891.04"
"72326435D0";"5";"893.04"
"8367956FBA";"5";"894.04"
"8368047AD4";"5";"894.04"
"8368102838";"5";"894.04"
"8368111FA3";"5";"894.04"
"8368215579";"5";"894.04"
"8368265EB9";"5";"894.04"
"7729252C84";"5";"894.96"
"65607641BA";"13";"899.04"
"7116730F5E";"5";"907.04"
"6810845717";"5";"908.04"
"6810874F03";"5";"909.04"
"68891144B7";"5";"910.96"
"6775373EA9";"11";"911.04"
"7437805ED7";"8";"912.04"
"7705737F52";"7";"912.96"
"7729232C03";"5";"914.96"
"6845999916";"6";"917.0"
"74338986B1";"5";"919.0"
"836707156A";"5";"920.04"
"6717187E0E";"5";"923.04"
"7097524616";"5";"923.04"
"75389190C5";"16";"923.04"
"733763257A";"9";"924.0"
"7079681195";"5";"928.04"
"6656005515";"5";"929.04"
"833919161C";"5";"929.04"
"8243438C3A";"8";"930.96"
"7094833966";"8";"932.04"
"7651892D06";"5";"933.0"
"66576724BC";"5";"933.04"
"6765852DAF";"5";"934.04"
"7426053CC9";"5";"934.04"
"8122510B49";"6";"934.96"
"6752925200";"8";"938.04"
"6819910FC1";"9";"939.0"
"6722798469";"5";"939.04"
"6691513B34";"5";"942.04"
"6779170C0C";"5";"946.0"
"7219010382";"6";"946.0"
"8050597ACD";"6";"946.0"
"7593433B22";"5";"946.04"
"8232961657";"5";"949.96"
"6888257180";"7";"949.96"
"832395267D";"9";"951.04"
"8323749EF5";"10";"951.04"
"67170751A5";"10";"958.04"
"6939790FDC";"5";"963.96"
"70223155A8";"5";"965.0"
"67185101D8";"5";"965.04"
"71280469A2";"5";"965.04"
"76642112FF";"7";"965.96"
"7607030FBA";"7";"973.96"
"732342597C";"6";"977.96"
"7530721390";"5";"979.04"
"6722788C26";"6";"983.04"
"683874788C";"9";"985.0"
"6973854E5D";"6";"986.0"
"8040477B83";"5";"986.96"
"8128714AFD";"5";"992.96"
"671709849F";"10";"994.04"
"697089220F";"6";"996.0"
"7472332B6D";"7";"998.04"
"6854052EA0";"5";"999.96"
"7521923738";"5";"1001.04"
"69832865E8";"5";"1010.0"
"81999447D9";"5";"1012.0"
"81479003C9";"5";"1012.96"
"7032506F86";"5";"1013.04"
"7032541C69";"5";"1013.04"
"82585914E3";"7";"1014.0"
"6758639D54";"6";"1015.0"
"6800497BA5";"10";"1020.0"
"7199263BC2";"5";"1023.0"
"751240698A";"6";"1031.0"
"7224029152";"8";"1031.0"
"7224035644";"8";"1031.0"
"72820032FA";"7";"1033.96"
"8682641604";"7";"1042.0"
"7326014201";"5";"1045.0"
"67276253C7";"10";"1047.0"
"7375429C8A";"10";"1048.0"
"6738007B44";"5";"1049.0"
"7840338398";"10";"1051.0"
"7449247118";"5";"1051.04"
"7036750DC9";"8";"1053.04"
"697335636A";"6";"1055.0"
"6607542C24";"5";"1056.0"
"8171807477";"5";"1063.0"
"6965570A32";"6";"1063.0"
"7571374F77";"5";"1066.0"
"75021856E8";"5";"1067.0"
"821745498E";"5";"1070.0"
"6635815FC1";"5";"1072.0"
"705438677B";"5";"1072.0"
"71645158CE";"7";"1072.0"
"6900156CDA";"5";"1074.0"
"6762885D3D";"6";"1074.0"
"75603305AE";"5";"1075.0"
"707294178D";"5";"1076.0"
"73753825C3";"16";"1079.0"
"7556871F36";"5";"1080.0"
"7154283D16";"13";"1081.0"
"8127626925";"11";"1083.0"
"7226162187";"5";"1084.0"
"6587739632";"6";"1086.0"
"7405271EEF";"6";"1088.0"
"7344556757";"9";"1088.0"
"6717135328";"10";"1088.0"
"7419077006";"8";"1091.0"
"7539553BF3";"5";"1093.0"
"7712221619";"5";"1093.0"
"6818014324";"5";"1094.0"
"753763090B";"5";"1096.0"
"6970461E5F";"6";"1096.0"
"7032713A5A";"5";"1097.0"
"7857855B12";"5";"1098.0"
"659517810F";"6";"1099.0"
"75266525B7";"5";"1101.0"
"7528948C6D";"6";"1101.0"
"7632235F8D";"11";"1102.0"
"80543178A5";"7";"1103.0"
"73017445C3";"5";"1109.0"
"7344791944";"10";"1111.0"
"7531210718";"5";"1114.0"
"69672959B6";"8";"1115.0"
"657355090F";"7";"1118.0"
"7237434778";"5";"1119.0"
"69503813D8";"5";"1123.0"
"741258744D";"5";"1123.0"
"7856655CCC";"5";"1123.0"
"7923778C73";"5";"1126.0"
"74325595B7";"5";"1127.0"
"6496696B21";"6";"1127.0"
"7405988E9F";"5";"1128.0"
"74326955F2";"5";"1128.0"
"7444160B28";"5";"1133.0"
"7530517B35";"5";"1133.0"
"7606582E07";"5";"1133.0"
"74059417D8";"5";"1135.0"
"7405978661";"5";"1135.0"
"743841021E";"5";"1135.0"
"6949467197";"5";"1136.0"
"744417685D";"5";"1136.0"
"6932110E20";"5";"1138.0"
"809623694C";"5";"1138.0"
"7478895365";"5";"1139.0"
"7920076D76";"6";"1141.0"
"7094162FAA";"6";"1147.0"
"7391692932";"6";"1149.96"
"7300820B3F";"5";"1151.0"
"7444185FC8";"8";"1151.0"
"74960407E4";"5";"1153.0"
"744014490D";"5";"1154.0"
"70331334F4";"10";"1154.0"
"7442983FDC";"5";"1155.0"
"744906393E";"5";"1155.0"
"7478105776";"5";"1156.0"
"6804318CD5";"5";"1159.04"
"693975422B";"7";"1162.0"
"74817653CB";"5";"1163.0"
"783994601C";"5";"1164.96"
"73991557DC";"5";"1165.0"
"7440110CFD";"5";"1165.0"
"737541402D";"17";"1167.96"
"7375401571";"19";"1167.96"
"6478191454";"7";"1169.0"
"7400360A41";"5";"1170.0"
"7405914192";"5";"1170.0"
"740696875A";"5";"1170.0"
"7441286776";"5";"1170.0"
"7442923E59";"5";"1171.0"
"6795104934";"5";"1174.04"
"7237108A71";"10";"1174.04"
"7403931D22";"5";"1175.0"
"7440189E2E";"5";"1175.0"
"79824817B4";"5";"1176.0"
"7519152884";"6";"1177.0"
"80563316A7";"6";"1177.04"
"70019342BA";"8";"1183.96"
"69446499A4";"11";"1191.0"
"72497402B5";"13";"1194.0"
"7344541AF5";"5";"1194.96"
"758824952B";"15";"1199.04"
"8101764B25";"5";"1200.0"
"741915720A";"5";"1201.96"
"6694435685";"5";"1202.0"
"7199883B66";"13";"1203.04"
"7047446869";"8";"1205.0"
"7236896B7E";"5";"1206.04"
"6724765B9F";"5";"1208.0"
"67248100C5";"5";"1208.0"
"801625895D";"5";"1213.04"
"7242620F15";"7";"1213.04"
"6783003725";"8";"1219.04"
"67277288C5";"5";"1225.04"
"73199451B5";"5";"1227.96"
"7277614D0C";"5";"1231.96"
"729307972D";"5";"1233.96"
"69319466CC";"12";"1235.96"
"7159050AF1";"12";"1239.04"
"71178489FA";"9";"1242.04"
"70519816D0";"5";"1243.0"
"6854051DCD";"5";"1243.96"
"726562683E";"5";"1245.96"
"7237251076";"5";"1252.04"
"6931120D27";"5";"1263.96"
"70960272BA";"6";"1270.04"
"72497391E2";"16";"1272.96"
"7249744601";"16";"1272.96"
"6807071CAE";"6";"1273.04"
"73154525F6";"6";"1273.96"
"73370873BB";"11";"1276.96"
"7963646094";"5";"1278.04"
"7963675880";"6";"1278.04"
"70235110A2";"5";"1287.0"
"7294550516";"5";"1289.96"
"7276260FB0";"6";"1292.96"
"7798467A8B";"5";"1294.96"
"7011652645";"12";"1295.96"
"7316015690";"5";"1297.96"
"6807792FAA";"5";"1301.96"
"732539425D";"5";"1301.96"
"7237151DEC";"5";"1302.04"
"7622384E40";"11";"1305.0"
"7347297D47";"5";"1305.96"
"7767021C7B";"5";"1308.96"
"7350650C43";"43";"1310.96"
"7787131FC6";"5";"1314.04"
"7395941B94";"5";"1314.96"
"723739032A";"5";"1316.0"
"72516960DA";"5";"1321.0"
"7042750527";"5";"1322.04"
"6859957798";"10";"1323.96"
"7350634F0E";"72";"1323.96"
"7237230F1D";"5";"1327.0"
"7236451C44";"5";"1331.0"
"65672076A7";"12";"1332.96"
"7864640A3B";"11";"1335.04"
"722936658C";"5";"1337.0"
"7276441511";"10";"1337.0"
"7227474C36";"5";"1338.0"
"72369697BD";"5";"1344.0"
"7237143754";"10";"1344.0"
"7220504465";"5";"1345.0"
"7224154877";"5";"1346.0"
"7511673CA5";"10";"1346.04"
"72204117A5";"5";"1348.0"
"7236960052";"5";"1348.0"
"7236978F28";"5";"1348.0"
"723698334C";"5";"1348.0"
"72370613AA";"5";"1348.0"
"7236901F9D";"10";"1348.0"
"671729465D";"13";"1350.04"
"6806839D3A";"5";"1354.0"
"7350635FE1";"32";"1354.96"
"7350649B70";"32";"1354.96"
"7071473C1D";"5";"1355.04"
"68637219BE";"5";"1358.96"
"6994508299";"11";"1369.0"
"6974571E0D";"7";"1373.0"
"7118067EB2";"5";"1375.0"
"6627182B95";"13";"1375.0"
"662740539E";"5";"1376.0"
"69087619ED";"11";"1377.96"
"7180910265";"5";"1382.0"
"70019564E1";"8";"1383.0"
"72040054FD";"5";"1386.0"
"6728158B9D";"5";"1390.0"
"76844722E7";"5";"1390.96"
"7684505E1F";"5";"1390.96"
"6532209564";"21";"1396.0"
"78402299A3";"13";"1397.0"
"6807062543";"11";"1402.0"
"76944626E8";"8";"1407.96"
"89196800CB";"5";"1409.0"
"7197924AC8";"10";"1414.0"
"7143880445";"5";"1415.0"
"7489789169";"5";"1415.0"
"7492696058";"5";"1415.0"
"6940216F68";"11";"1415.0"
"7797718076";"6";"1420.0"
"7145137195";"5";"1424.0"
"7128519FF5";"5";"1425.0"
"727647839A";"11";"1426.0"
"66008845CB";"5";"1427.0"
"6963826B00";"11";"1429.0"
"7136193CBF";"5";"1431.0"
"71236562E6";"5";"1432.0"
"7322557D2F";"5";"1436.0"
"7138480C0A";"6";"1438.0"
"7174871AD8";"5";"1440.0"
"7077097D2F";"5";"1444.0"
"7119985D7B";"5";"1445.0"
"72372152C0";"5";"1446.0"
"723744508E";"5";"1446.0"
"723742500D";"5";"1447.0"
"71021607D5";"5";"1453.0"
"6746739127";"5";"1454.0"
"6746749965";"5";"1454.0"
"7758235A0C";"7";"1456.0"
"6605646F82";"6";"1460.0"
"6677811FF3";"10";"1460.0"
"7077017B2B";"5";"1463.0"
"7094431DA7";"5";"1467.0"
"7077081FFA";"5";"1470.0"
"7635357FE8";"5";"1476.0"
"7635375EC3";"5";"1476.0"
"7078939D40";"5";"1480.0"
"743203554C";"33";"1481.0"
"67024371FC";"6";"1482.0"
"670245727D";"6";"1482.0"
"67024669E8";"6";"1482.0"
"67024794A4";"6";"1482.0"
"6702490DB5";"6";"1482.0"
"6702503871";"6";"1482.0"
"70394219F8";"5";"1484.0"
"7076891333";"5";"1484.0"
"70394512BC";"5";"1488.0"
"69438706CB";"5";"1501.0"
"70622343DC";"5";"1506.0"
"6966377429";"5";"1507.0"
"6895911DC4";"14";"1508.0"
"667492418A";"5";"1509.0"
"7052223E82";"5";"1510.0"
"7270568683";"5";"1514.0"
"727059901A";"5";"1514.0"
"7270637F71";"5";"1514.0"
"7039402A4A";"5";"1525.0"
"7167699C52";"5";"1532.0"
"6882413ADE";"5";"1533.0"
"70446060C7";"5";"1536.96"
"6882566921";"7";"1538.96"
"74895078B0";"5";"1539.0"
"7039544F77";"5";"1543.96"
"6932036113";"5";"1548.0"
"6921925934";"5";"1554.0"
"657812152C";"5";"1561.96"
"6906568835";"6";"1562.0"
"6902321779";"6";"1567.0"
"7629828D3C";"7";"1602.04"
"7629834233";"7";"1602.04"
"76298417F8";"7";"1602.04"
"7629847CEA";"7";"1602.04"
"76298531E1";"7";"1602.04"
"7003458C5C";"7";"1603.96"
"70034337BC";"7";"1604.96"
"7057983FCF";"5";"1617.0"
"6736399C4D";"6";"1618.04"
"68280816B0";"7";"1618.04"
"7577382D6D";"12";"1621.04"
"7577393683";"12";"1621.04"
"7577402DEE";"12";"1621.04"
"757741155E";"12";"1621.04"
"7475941DAA";"6";"1665.96"
"7168152229";"5";"1689.04"
"67528747E8";"10";"1702.0"
"682406870E";"6";"1722.0"
"68276860BB";"14";"1766.0"
"7250102D6D";"24";"1781.96"
"66476820BB";"15";"1799.04"
"6655545979";"5";"1826.0"
"665552267F";"5";"1827.0"
"6717224C97";"15";"1849.0"
"661679719F";"11";"1882.96"
"722401990F";"8";"1917.04"
"6788747B3D";"16";"1998.04"
"66285937FB";"16";"2002.0"
"7034364CCC";"5";"2082.04"
"7052181BDA";"5";"2111.04"
"6717536E0F";"7";"2147.0"
"6717540160";"7";"2147.0"
"6734848C60";"5";"2308.04"
"7288005BF9";"6";"2316.04"
"67375355C4";"18";"2380.04"
"6710883BD5";"10";"2394.04"
"65945055AD";"8";"2512.0"
